"byear","time","TotalGoers","TotalIrregulars","TotalAbsentees","ProportionGoers","ProportionIrregulars","ProportionAbsentees"
1980,NA,1641,4692,23231,0.0555066973345961,0.15870653497497,0.785786767690434
1981,NA,2284,5741,26061,0.0670069823387901,0.168426920143167,0.764566097518043
1982,NA,2336,5766,27381,0.065834343206606,0.162500352281374,0.77166530451202
1983,NA,2472,6201,28223,0.0669991326973114,0.168066999132697,0.764933868169991
1984,NA,2542,6184,27652,0.0698773984276211,0.169992852823135,0.760129748749244
